Variable,Coefficient,Odds_Ratio,CI_Lower_95,CI_Upper_95,P_Value
Intercept,-0.5586249523453652,0.5719950437884612,0.28278162217541564,1.156999976171039,0.12012986780781074
C(a5a)[T.4],-0.0068883647500565465,0.9931353056531005,0.532898014911401,1.85085646359306,0.9826976464457031
C(a5a)[T.5],-1.498698187223423,0.22342082299500512,0.08711396211120838,0.5730064726483487,0.00181599563418037
C(a5a)[T.6],-1.543516754132021,0.21362849993556327,0.08383924722940674,0.5443409559706979,0.001219066600109484
C(a5a)[T.7],-2.4458558889815167,0.08665193871483796,0.032086606192650295,0.23400912012813413,1.3976194580206914e-06
C(a5a)[T.8],-2.177102067371701,0.11336959250144223,0.03801373716340981,0.3381057865658739,9.421603455949129e-05
C(a5a)[T.9],0.1117665961421477,1.1182518258927574,0.5638529930969739,2.2177538497120675,0.7490287295754487
C(a5a)[T.10],0.06517406021946227,1.0673447904849531,0.5670539018593593,2.009024006430202,0.8399428471971475
C(a5a)[T.11],-1.8807810607211648,0.15247097015096653,0.05089889246438482,0.45673678960782266,0.0007796919899893222
C(a5a)[T.12],-2.450378954048749,0.08626089139074866,0.011231073803748931,0.6625316077116999,0.0184852083079406
C(a5a)[T.101],-0.6605436040214884,0.5165704483800848,0.27754211530756623,0.9614577875645642,0.03716315045600767
C(a5a)[T.102],-1.1362815613189206,0.32101046301567504,0.16058700668487264,0.6416939918915943,0.0013028693550920262
C(s2e)[T.Uttar Pradesh],-0.3954884729392749,0.6733510451388665,0.4696652806990843,0.9653718267501645,0.03142083776943792
Lack_of_Information,0.5591515155366842,1.7491877118782757,1.1540243342318892,2.6512938771108714,0.00841192942797595
Log_Firm_Size,-0.19721748164541428,0.821012058841565,0.6990916112317825,0.9641952355508695,0.016194233783470433
